chip,scene,label,on_runway,source,x,y,blue_x,blue_y,red_x,red_y
CDG_20250812_cand00.png,S2C_31UDQ_20250812_0_L2A,clutter,0,finder candidate,1676.0,1492.0,1670,1490,1690,1498
CDG_20250812_cand01.png,S2C_31UDQ_20250812_0_L2A,clutter,0,finder candidate,1682.0,1510.0,1674,1522,1690,1498
CDG_20250812_cand02.png,S2C_31UDQ_20250812_0_L2A,clutter,0,finder candidate,1117.0,2067.0,1130,2064,1107,2069
CDG_20250812_cand03.png,S2C_31UDQ_20250812_0_L2A,aircraft,0,finder candidate,834.0,1389.0,837,1389,829,1389
CDG_20250812_cand04.png,S2C_31UDQ_20250812_0_L2A,probable,0,finder candidate,2387.0,1545.0,2392,1545,2382,1545
CDG_20250817_cand00.png,S2B_31UDQ_20250817_0_L2A,clutter,0,finder candidate,255.0,1999.0,250,2005,275,1976
CDG_20250817_cand01.png,S2B_31UDQ_20250817_0_L2A,clutter,0,finder candidate,1096.0,1811.0,1107,1795,1088,1822
CDG_20250817_cand02.png,S2B_31UDQ_20250817_0_L2A,aircraft,1,finder candidate,1596.0,1332.0,1592,1332,1601,1332
CDG_20250817_cand03.png,S2B_31UDQ_20250817_0_L2A,probable,0,finder candidate,2231.0,260.0,2236,274,2226,245
CDG_20250817_cand04.png,S2B_31UDQ_20250817_0_L2A,aircraft,0,finder candidate,2379.0,1268.0,2375,1268,2385,1267
CDG_20250817_cand05.png,S2B_31UDQ_20250817_0_L2A,aircraft,0,finder candidate,2161.0,2100.0,2168,2101,2154,2098
CDG_20250817_cand06.png,S2B_31UDQ_20250817_0_L2A,aircraft,0,finder candidate,1089.0,104.0,1096,105,1081,103
CDG_20250817_cand07.png,S2B_31UDQ_20250817_0_L2A,clutter,0,finder candidate,1009.0,2031.0,1004,2022,1010,2033
CDG_20250817_cand08.png,S2B_31UDQ_20250817_0_L2A,clutter,0,finder candidate,94.0,2235.0,94,2228,92,2265
FRA_20250811_cand00.png,S2B_32UMA_20250811_0_L2A,clutter,0,finder candidate,212.0,848.0,223,871,209,841
FRA_20250811_cand01.png,S2B_32UMA_20250811_0_L2A,clutter,0,finder candidate,1556.0,600.0,1552,603,1572,588
FRA_20250811_cand02.png,S2B_32UMA_20250811_0_L2A,aircraft,0,finder candidate,356.0,556.0,347,548,366,565
FRA_20250811_cand03.png,S2B_32UMA_20250811_0_L2A,clutter,0,finder candidate,379.0,543.0,382,537,366,565
FRA_20250811_cand04.png,S2B_32UMA_20250811_0_L2A,clutter,0,finder candidate,957.0,1382.0,957,1385,957,1378
FRA_20250811_cand05.png,S2B_32UMA_20250811_0_L2A,clutter,0,finder candidate,59.0,2368.0,84,2367,53,2368
FRA_20250811_cand06.png,S2B_32UMA_20250811_0_L2A,clutter,0,finder candidate,830.0,1193.0,820,1174,837,1206
FRA_20250811_cand07.png,S2B_32UMA_20250811_0_L2A,clutter,0,finder candidate,1990.0,1592.0,2001,1590,1983,1593
FRA_20250818_cand00.png,S2A_32UMA_20250818_1_L2A,clutter,0,finder candidate,2206.0,1292.0,2200,1289,2220,1299
FRA_20250818_cand01.png,S2A_32UMA_20250818_1_L2A,aircraft,0,finder candidate,2313.0,742.0,2308,743,2320,741
FRA_20250818_cand02.png,S2A_32UMA_20250818_1_L2A,clutter,0,finder candidate,558.0,1598.0,552,1610,568,1581
JFK_20250804_cand00.png,S2B_18TWL_20250804_0_L2A,clutter,0,finder candidate,1858.0,806.0,1861,787,1856,814
LGW_20250619_cand00.png,S2C_30UXB_20250619_0_L2A,aircraft,0,finder candidate,2182.0,951.0,2185,951,2177,952
LGW_20250619_cand01.png,S2C_30UXB_20250619_0_L2A,aircraft,0,finder candidate,540.0,1384.0,545,1383,534,1385
LHR_20250817_cand00.png,S2A_30UXC_20250817_0_L2A,clutter,0,finder candidate,2364.0,1299.0,2365,1302,2363,1298
LHR_20250817_cand01.png,S2A_30UXC_20250817_0_L2A,clutter,0,finder candidate,1973.0,1297.0,1952,1281,1982,1304
LHR_20250817_cand02.png,S2A_30UXC_20250817_0_L2A,clutter,0,finder candidate,2142.0,1460.0,2138,1445,2147,1475
LHR_20250817_cand03.png,S2A_30UXC_20250817_0_L2A,clutter,0,finder candidate,1712.0,201.0,1725,204,1701,199
LHR_20250817_cand04.png,S2A_30UXC_20250817_0_L2A,aircraft,0,finder candidate,1712.0,1653.0,1706,1654,1720,1652
LHR_20250817_cand05.png,S2A_30UXC_20250817_0_L2A,probable,0,finder candidate,1169.0,789.0,1154,793,1184,785
LHR_20250817_cand06.png,S2A_30UXC_20250817_0_L2A,clutter,0,finder candidate,513.0,163.0,487,158,524,165
LHR_20250817_cand07.png,S2A_30UXC_20250817_0_L2A,clutter,0,finder candidate,1557.0,166.0,1551,175,1567,148
LHR_20250817_cand08.png,S2A_30UXC_20250817_0_L2A,clutter,0,finder candidate,1073.0,272.0,1062,252,1076,277
LHR_20250817_cand09.png,S2A_30UXC_20250817_0_L2A,clutter,0,finder candidate,1683.0,2153.0,1694,2150,1674,2155
LHR_20250817_cand10.png,S2A_30UXC_20250817_0_L2A,clutter,0,finder candidate,830.0,2156.0,842,2160,827,2155
LHR_20250817_cand11.png,S2A_30UXC_20250817_0_L2A,clutter,0,finder candidate,225.0,8.0,221,17,227,3
LHR_20250825_cand00.png,S2C_30UXC_20250825_0_L2A,clutter,0,finder candidate,2020.0,1502.0,2021,1502,2015,1501
LHR_20250825_cand01.png,S2C_30UXC_20250825_0_L2A,clutter,0,finder candidate,1903.0,834.0,1911,829,1896,839
LHR_20250825_cand02.png,S2C_30UXC_20250825_0_L2A,clutter,0,finder candidate,1852.0,111.0,1842,96,1854,115
LHR_20250825_cand03.png,S2C_30UXC_20250825_0_L2A,clutter,0,finder candidate,1806.0,1646.0,1811,1633,1804,1653
LHR_20250825_cand04.png,S2C_30UXC_20250825_0_L2A,clutter,0,finder candidate,2003.0,1500.0,1980,1499,2015,1501
LHR_20250825_cand05.png,S2C_30UXC_20250825_0_L2A,clutter,0,finder candidate,1317.0,2054.0,1307,2053,1346,2056
LHR_20250825_cand06.png,S2C_30UXC_20250825_0_L2A,clutter,0,finder candidate,1825.0,2378.0,1817,2376,1827,2378
LHR_20250825_cand07.png,S2C_30UXC_20250825_0_L2A,clutter,0,finder candidate,1182.0,1702.0,1171,1687,1187,1709
LHR_20250825_cand08.png,S2C_30UXC_20250825_0_L2A,clutter,0,finder candidate,1071.0,148.0,1063,137,1085,167
LHR_20250825_cand09.png,S2C_30UXC_20250825_0_L2A,clutter,0,finder candidate,1354.0,1075.0,1374,1084,1349,1073
LHR_20250825_cand10.png,S2C_30UXC_20250825_0_L2A,clutter,0,finder candidate,2313.0,1258.0,2295,1267,2331,1250
LHR_20250825_cand11.png,S2C_30UXC_20250825_0_L2A,probable,0,finder candidate,510.0,2288.0,507,2298,514,2277
LHR_20250825_cand12.png,S2C_30UXC_20250825_0_L2A,probable,0,finder candidate,1625.0,907.0,1622,917,1628,895
LHR_20250825_cand13.png,S2C_30UXC_20250825_0_L2A,aircraft,0,finder candidate,740.0,1612.0,738,1608,742,1617
LHR_20250825_cand14.png,S2C_30UXC_20250825_0_L2A,clutter,0,finder candidate,1590.0,1128.0,1601,1124,1570,1134
LHR_20250825_cand15.png,S2C_30UXC_20250825_0_L2A,clutter,0,finder candidate,108.0,608.0,89,596,116,613
LHR_20250825_cand16.png,S2C_30UXC_20250825_0_L2A,clutter,0,finder candidate,1802.0,28.0,1810,19,1789,42
LHR_20250825_cand17.png,S2C_30UXC_20250825_0_L2A,clutter,0,finder candidate,2358.0,1457.0,2359,1458,2353,1451
ORD_20250623_cand00.png,S2B_16TDM_20250623_0_L2A,clutter,0,finder candidate,1207.0,1279.0,1227,1282,1196,1277
LHR_20250619_cand00.png,S2C_30UXC_20250619_0_L2A,clutter,0,finder candidate,953.0,1306.0,947,1310,955,1305
LHR_20250619_cand01.png,S2C_30UXC_20250619_0_L2A,clutter,0,finder candidate,2487.0,86.0,2492,85,2486,86
LHR_20250619_cand02.png,S2C_30UXC_20250619_0_L2A,clutter,0,finder candidate,2932.0,2937.0,2945,2946,2920,2928
LHR_20250619_cand03.png,S2C_30UXC_20250619_0_L2A,clutter,0,finder candidate,973.0,1585.0,976,1598,970,1575
LHR_20250619_cand04.png,S2C_30UXC_20250619_0_L2A,clutter,0,finder candidate,1666.0,1567.0,1674,1569,1650,1562
LHR_20250619_cand05.png,S2C_30UXC_20250619_0_L2A,clutter,0,finder candidate,2473.0,935.0,2471,932,2479,944
LHR_20250619_cand06.png,S2C_30UXC_20250619_0_L2A,clutter,0,finder candidate,2027.0,1063.0,2023,1069,2028,1061
LHR_20250619_cand07.png,S2C_30UXC_20250619_0_L2A,clutter,0,finder candidate,1496.0,2192.0,1483,2188,1505,2195
LHR_20250619_cand08.png,S2C_30UXC_20250619_0_L2A,clutter,0,finder candidate,2647.0,1167.0,2639,1160,2649,1169
LHR_20250619_cand09.png,S2C_30UXC_20250619_0_L2A,clutter,0,finder candidate,1514.0,2200.0,1536,2210,1505,2195
LHR_20250619_cand10.png,S2C_30UXC_20250619_0_L2A,aircraft,0,finder candidate,2758.0,1391.0,2762,1393,2754,1389
LHR_20250619_cand11.png,S2C_30UXC_20250619_0_L2A,clutter,0,finder candidate,660.0,364.0,656,370,673,345
LHR_20250619_cand12.png,S2C_30UXC_20250619_0_L2A,clutter,0,finder candidate,2062.0,2166.0,2078,2182,2054,2157
LHR_20250619_cand13.png,S2C_30UXC_20250619_0_L2A,aircraft,1,finder candidate,251.0,1603.0,246,1603,256,1603
LHR_20250619_cand14.png,S2C_30UXC_20250619_0_L2A,clutter,0,finder candidate,2081.0,2976.0,2073,2977,2111,2973
LHR_20250619_cand15.png,S2C_30UXC_20250619_0_L2A,clutter,0,finder candidate,2715.0,2846.0,2718,2849,2703,2835
LHR_20250619_cand16.png,S2C_30UXC_20250619_0_L2A,aircraft,0,finder candidate,1927.0,1397.0,1919,1401,1930,1396
LHR_20250619_cand17.png,S2C_30UXC_20250619_0_L2A,clutter,0,finder candidate,1258.0,2732.0,1256,2737,1266,2714
LHR_20250619_cand18.png,S2C_30UXC_20250619_0_L2A,clutter,0,finder candidate,1300.0,2581.0,1312,2576,1281,2588
LHR_20250619_cand19.png,S2C_30UXC_20250619_0_L2A,clutter,0,finder candidate,1132.0,2456.0,1142,2460,1127,2455
LHR_20250619_cand20.png,S2C_30UXC_20250619_0_L2A,clutter,0,finder candidate,1835.0,2826.0,1825,2820,1857,2840
LHR_20250619_cand21.png,S2C_30UXC_20250619_0_L2A,clutter,0,finder candidate,715.0,418.0,730,436,709,411
CDG_20250812_rand00.png,S2C_31UDQ_20250812_0_L2A,background,0,random,2013,1517,,,,
CDG_20250812_rand01.png,S2C_31UDQ_20250812_0_L2A,background,0,random,1225,665,,,,
CDG_20250812_rand02.png,S2C_31UDQ_20250812_0_L2A,background,0,random,754,135,,,,
CDG_20250812_rand03.png,S2C_31UDQ_20250812_0_L2A,background,0,random,214,78,,,,
CDG_20250812_rand04.png,S2C_31UDQ_20250812_0_L2A,background,0,random,446,1926,,,,
CDG_20250812_rand05.png,S2C_31UDQ_20250812_0_L2A,background,0,random,1546,2157,,,,
CDG_20250812_rand06.png,S2C_31UDQ_20250812_0_L2A,background,0,random,1208,1447,,,,
CDG_20250812_rand07.png,S2C_31UDQ_20250812_0_L2A,background,0,random,2292,1732,,,,
CDG_20250812_rand08.png,S2C_31UDQ_20250812_0_L2A,background,0,random,1506,1301,,,,
CDG_20250812_rand09.png,S2C_31UDQ_20250812_0_L2A,background,0,random,1339,2209,,,,
CDG_20250812_rand10.png,S2C_31UDQ_20250812_0_L2A,background,0,random,683,1932,,,,
CDG_20250812_rand11.png,S2C_31UDQ_20250812_0_L2A,background,0,random,1596,46,,,,
CDG_20250812_rand12.png,S2C_31UDQ_20250812_0_L2A,background,0,random,954,2029,,,,
CDG_20250812_rand13.png,S2C_31UDQ_20250812_0_L2A,background,0,random,1326,117,,,,
CDG_20250812_rand14.png,S2C_31UDQ_20250812_0_L2A,background,0,random,1814,1732,,,,
CDG_20250812_rand15.png,S2C_31UDQ_20250812_0_L2A,background,0,random,2004,447,,,,
CDG_20250812_rand16.png,S2C_31UDQ_20250812_0_L2A,background,0,random,247,2042,,,,
CDG_20250812_rand17.png,S2C_31UDQ_20250812_0_L2A,background,0,random,91,1296,,,,
CDG_20250812_rand18.png,S2C_31UDQ_20250812_0_L2A,background,0,random,226,735,,,,
CDG_20250812_rand19.png,S2C_31UDQ_20250812_0_L2A,background,0,random,1156,1020,,,,
CDG_20250812_rand20.png,S2C_31UDQ_20250812_0_L2A,background,0,random,975,105,,,,
CDG_20250812_rand21.png,S2C_31UDQ_20250812_0_L2A,background,0,random,52,328,,,,
CDG_20250812_rand22.png,S2C_31UDQ_20250812_0_L2A,background,0,random,59,1595,,,,
CDG_20250812_rand23.png,S2C_31UDQ_20250812_0_L2A,background,0,random,1259,1541,,,,
CDG_20250812_rand24.png,S2C_31UDQ_20250812_0_L2A,background,0,random,636,1467,,,,
CDG_20250817_rand00.png,S2B_31UDQ_20250817_0_L2A,background,0,random,1812,930,,,,
CDG_20250817_rand01.png,S2B_31UDQ_20250817_0_L2A,background,0,random,1109,2353,,,,
CDG_20250817_rand02.png,S2B_31UDQ_20250817_0_L2A,background,0,random,1907,2315,,,,
CDG_20250817_rand03.png,S2B_31UDQ_20250817_0_L2A,background,0,random,920,1630,,,,
CDG_20250817_rand04.png,S2B_31UDQ_20250817_0_L2A,background,0,random,2244,1549,,,,
CDG_20250817_rand05.png,S2B_31UDQ_20250817_0_L2A,background,0,random,1989,1637,,,,
CDG_20250817_rand06.png,S2B_31UDQ_20250817_0_L2A,background,0,random,1673,942,,,,
CDG_20250817_rand07.png,S2B_31UDQ_20250817_0_L2A,background,0,random,2070,353,,,,
CDG_20250817_rand08.png,S2B_31UDQ_20250817_0_L2A,background,0,random,1383,1713,,,,
CDG_20250817_rand09.png,S2B_31UDQ_20250817_0_L2A,background,0,random,2001,1258,,,,
CDG_20250817_rand10.png,S2B_31UDQ_20250817_0_L2A,background,0,random,910,759,,,,
CDG_20250817_rand11.png,S2B_31UDQ_20250817_0_L2A,background,0,random,1021,1167,,,,
CDG_20250817_rand12.png,S2B_31UDQ_20250817_0_L2A,background,0,random,1707,2103,,,,
CDG_20250817_rand13.png,S2B_31UDQ_20250817_0_L2A,background,0,random,209,2206,,,,
CDG_20250817_rand14.png,S2B_31UDQ_20250817_0_L2A,background,0,random,1272,870,,,,
CDG_20250817_rand15.png,S2B_31UDQ_20250817_0_L2A,background,0,random,1600,1365,,,,
CDG_20250817_rand16.png,S2B_31UDQ_20250817_0_L2A,background,0,random,630,786,,,,
CDG_20250817_rand17.png,S2B_31UDQ_20250817_0_L2A,background,0,random,1709,1418,,,,
CDG_20250817_rand18.png,S2B_31UDQ_20250817_0_L2A,background,0,random,1210,823,,,,
CDG_20250817_rand19.png,S2B_31UDQ_20250817_0_L2A,background,0,random,1804,948,,,,
CDG_20250817_rand20.png,S2B_31UDQ_20250817_0_L2A,background,0,random,801,2105,,,,
CDG_20250817_rand21.png,S2B_31UDQ_20250817_0_L2A,background,0,random,652,567,,,,
CDG_20250817_rand22.png,S2B_31UDQ_20250817_0_L2A,background,0,random,1696,1485,,,,
CDG_20250817_rand23.png,S2B_31UDQ_20250817_0_L2A,background,0,random,152,234,,,,
CDG_20250817_rand24.png,S2B_31UDQ_20250817_0_L2A,background,0,random,914,1971,,,,
FRA_20250811_rand00.png,S2B_32UMA_20250811_0_L2A,background,0,random,969,1866,,,,
FRA_20250811_rand01.png,S2B_32UMA_20250811_0_L2A,background,0,random,774,595,,,,
FRA_20250811_rand02.png,S2B_32UMA_20250811_0_L2A,background,0,random,1876,2073,,,,
FRA_20250811_rand03.png,S2B_32UMA_20250811_0_L2A,background,0,random,223,175,,,,
FRA_20250811_rand04.png,S2B_32UMA_20250811_0_L2A,background,0,random,1597,819,,,,
FRA_20250811_rand05.png,S2B_32UMA_20250811_0_L2A,background,0,random,1370,388,,,,
FRA_20250811_rand06.png,S2B_32UMA_20250811_0_L2A,background,0,random,2035,1084,,,,
FRA_20250811_rand07.png,S2B_32UMA_20250811_0_L2A,background,0,random,2116,1887,,,,
FRA_20250811_rand08.png,S2B_32UMA_20250811_0_L2A,background,0,random,1676,575,,,,
FRA_20250811_rand09.png,S2B_32UMA_20250811_0_L2A,background,0,random,1819,160,,,,
FRA_20250811_rand10.png,S2B_32UMA_20250811_0_L2A,background,0,random,1362,978,,,,
FRA_20250811_rand11.png,S2B_32UMA_20250811_0_L2A,background,0,random,2352,500,,,,
FRA_20250811_rand12.png,S2B_32UMA_20250811_0_L2A,background,0,random,2235,250,,,,
FRA_20250811_rand13.png,S2B_32UMA_20250811_0_L2A,background,0,random,1485,1386,,,,
FRA_20250811_rand14.png,S2B_32UMA_20250811_0_L2A,background,0,random,2125,732,,,,
FRA_20250811_rand15.png,S2B_32UMA_20250811_0_L2A,background,0,random,2132,1599,,,,
FRA_20250811_rand16.png,S2B_32UMA_20250811_0_L2A,background,0,random,2105,502,,,,
FRA_20250811_rand17.png,S2B_32UMA_20250811_0_L2A,background,0,random,1799,2225,,,,
FRA_20250811_rand18.png,S2B_32UMA_20250811_0_L2A,background,0,random,152,887,,,,
FRA_20250811_rand19.png,S2B_32UMA_20250811_0_L2A,background,0,random,1516,284,,,,
FRA_20250811_rand20.png,S2B_32UMA_20250811_0_L2A,background,0,random,1223,1499,,,,
FRA_20250811_rand21.png,S2B_32UMA_20250811_0_L2A,background,0,random,1812,2190,,,,
FRA_20250811_rand22.png,S2B_32UMA_20250811_0_L2A,background,0,random,990,1061,,,,
FRA_20250811_rand23.png,S2B_32UMA_20250811_0_L2A,background,0,random,1140,2254,,,,
FRA_20250811_rand24.png,S2B_32UMA_20250811_0_L2A,background,0,random,494,1199,,,,
FRA_20250818_rand00.png,S2A_32UMA_20250818_1_L2A,background,0,random,155,1026,,,,
FRA_20250818_rand01.png,S2A_32UMA_20250818_1_L2A,background,0,random,2233,1478,,,,
FRA_20250818_rand02.png,S2A_32UMA_20250818_1_L2A,background,0,random,851,2348,,,,
FRA_20250818_rand03.png,S2A_32UMA_20250818_1_L2A,background,0,random,1440,2241,,,,
FRA_20250818_rand04.png,S2A_32UMA_20250818_1_L2A,background,0,random,77,1107,,,,
FRA_20250818_rand05.png,S2A_32UMA_20250818_1_L2A,background,0,random,1977,1797,,,,
FRA_20250818_rand06.png,S2A_32UMA_20250818_1_L2A,background,0,random,985,1194,,,,
FRA_20250818_rand07.png,S2A_32UMA_20250818_1_L2A,background,0,random,1014,1268,,,,
FRA_20250818_rand08.png,S2A_32UMA_20250818_1_L2A,background,0,random,574,1863,,,,
FRA_20250818_rand09.png,S2A_32UMA_20250818_1_L2A,background,0,random,220,1002,,,,
FRA_20250818_rand10.png,S2A_32UMA_20250818_1_L2A,background,0,random,693,1744,,,,
FRA_20250818_rand11.png,S2A_32UMA_20250818_1_L2A,background,0,random,1778,1689,,,,
FRA_20250818_rand12.png,S2A_32UMA_20250818_1_L2A,background,0,random,2184,2202,,,,
FRA_20250818_rand13.png,S2A_32UMA_20250818_1_L2A,background,0,random,468,306,,,,
FRA_20250818_rand14.png,S2A_32UMA_20250818_1_L2A,background,0,random,347,1731,,,,
FRA_20250818_rand15.png,S2A_32UMA_20250818_1_L2A,background,0,random,2291,2191,,,,
FRA_20250818_rand16.png,S2A_32UMA_20250818_1_L2A,background,0,random,1590,2285,,,,
FRA_20250818_rand17.png,S2A_32UMA_20250818_1_L2A,background,0,random,2061,74,,,,
FRA_20250818_rand18.png,S2A_32UMA_20250818_1_L2A,background,0,random,316,2043,,,,
FRA_20250818_rand19.png,S2A_32UMA_20250818_1_L2A,background,0,random,231,2316,,,,
FRA_20250818_rand20.png,S2A_32UMA_20250818_1_L2A,background,0,random,1959,2260,,,,
FRA_20250818_rand21.png,S2A_32UMA_20250818_1_L2A,background,0,random,875,385,,,,
FRA_20250818_rand22.png,S2A_32UMA_20250818_1_L2A,background,0,random,1239,2296,,,,
FRA_20250818_rand23.png,S2A_32UMA_20250818_1_L2A,background,0,random,891,2104,,,,
FRA_20250818_rand24.png,S2A_32UMA_20250818_1_L2A,background,0,random,930,1947,,,,
JFK_20250804_rand00.png,S2B_18TWL_20250804_0_L2A,background,0,random,449,1023,,,,
JFK_20250804_rand01.png,S2B_18TWL_20250804_0_L2A,background,0,random,622,516,,,,
JFK_20250804_rand02.png,S2B_18TWL_20250804_0_L2A,background,0,random,1630,1683,,,,
JFK_20250804_rand03.png,S2B_18TWL_20250804_0_L2A,background,0,random,288,1933,,,,
JFK_20250804_rand04.png,S2B_18TWL_20250804_0_L2A,background,0,random,1770,585,,,,
JFK_20250804_rand05.png,S2B_18TWL_20250804_0_L2A,background,0,random,799,1144,,,,
JFK_20250804_rand06.png,S2B_18TWL_20250804_0_L2A,background,0,random,1210,947,,,,
JFK_20250804_rand07.png,S2B_18TWL_20250804_0_L2A,background,0,random,305,1948,,,,
JFK_20250804_rand08.png,S2B_18TWL_20250804_0_L2A,background,0,random,1273,123,,,,
JFK_20250804_rand09.png,S2B_18TWL_20250804_0_L2A,background,0,random,1491,1540,,,,
JFK_20250804_rand10.png,S2B_18TWL_20250804_0_L2A,background,0,random,366,1299,,,,
JFK_20250804_rand11.png,S2B_18TWL_20250804_0_L2A,background,0,random,933,98,,,,
JFK_20250804_rand12.png,S2B_18TWL_20250804_0_L2A,background,0,random,1692,1514,,,,
JFK_20250804_rand13.png,S2B_18TWL_20250804_0_L2A,background,0,random,592,72,,,,
JFK_20250804_rand14.png,S2B_18TWL_20250804_0_L2A,background,0,random,202,1593,,,,
JFK_20250804_rand15.png,S2B_18TWL_20250804_0_L2A,background,0,random,306,1091,,,,
JFK_20250804_rand16.png,S2B_18TWL_20250804_0_L2A,background,0,random,1641,1944,,,,
JFK_20250804_rand17.png,S2B_18TWL_20250804_0_L2A,background,0,random,517,175,,,,
JFK_20250804_rand18.png,S2B_18TWL_20250804_0_L2A,background,0,random,921,1764,,,,
JFK_20250804_rand19.png,S2B_18TWL_20250804_0_L2A,background,0,random,1153,176,,,,
JFK_20250804_rand20.png,S2B_18TWL_20250804_0_L2A,background,0,random,1198,745,,,,
JFK_20250804_rand21.png,S2B_18TWL_20250804_0_L2A,background,0,random,443,922,,,,
JFK_20250804_rand22.png,S2B_18TWL_20250804_0_L2A,background,0,random,1596,2020,,,,
JFK_20250804_rand23.png,S2B_18TWL_20250804_0_L2A,background,0,random,291,1192,,,,
JFK_20250804_rand24.png,S2B_18TWL_20250804_0_L2A,background,0,random,1396,570,,,,
LGW_20250619_rand00.png,S2C_30UXB_20250619_0_L2A,background,0,random,672,600,,,,
LGW_20250619_rand01.png,S2C_30UXB_20250619_0_L2A,background,0,random,526,2100,,,,
LGW_20250619_rand02.png,S2C_30UXB_20250619_0_L2A,background,0,random,547,564,,,,
LGW_20250619_rand03.png,S2C_30UXB_20250619_0_L2A,background,0,random,331,328,,,,
LGW_20250619_rand04.png,S2C_30UXB_20250619_0_L2A,background,0,random,1846,708,,,,
LGW_20250619_rand05.png,S2C_30UXB_20250619_0_L2A,background,0,random,1900,1399,,,,
LGW_20250619_rand06.png,S2C_30UXB_20250619_0_L2A,background,0,random,2031,1325,,,,
LGW_20250619_rand07.png,S2C_30UXB_20250619_0_L2A,background,0,random,1812,1918,,,,
LGW_20250619_rand08.png,S2C_30UXB_20250619_0_L2A,background,0,random,181,1340,,,,
LGW_20250619_rand09.png,S2C_30UXB_20250619_0_L2A,background,0,random,1094,709,,,,
LGW_20250619_rand10.png,S2C_30UXB_20250619_0_L2A,background,0,random,1089,997,,,,
LGW_20250619_rand11.png,S2C_30UXB_20250619_0_L2A,background,0,random,1181,1938,,,,
LGW_20250619_rand12.png,S2C_30UXB_20250619_0_L2A,background,0,random,1955,1493,,,,
LGW_20250619_rand13.png,S2C_30UXB_20250619_0_L2A,background,0,random,1687,2265,,,,
LGW_20250619_rand14.png,S2C_30UXB_20250619_0_L2A,background,0,random,1517,897,,,,
LGW_20250619_rand15.png,S2C_30UXB_20250619_0_L2A,background,0,random,230,1322,,,,
LGW_20250619_rand16.png,S2C_30UXB_20250619_0_L2A,background,0,random,577,1417,,,,
LGW_20250619_rand17.png,S2C_30UXB_20250619_0_L2A,background,0,random,99,2008,,,,
LGW_20250619_rand18.png,S2C_30UXB_20250619_0_L2A,background,0,random,2231,377,,,,
LGW_20250619_rand19.png,S2C_30UXB_20250619_0_L2A,background,0,random,1940,983,,,,
LGW_20250619_rand20.png,S2C_30UXB_20250619_0_L2A,background,0,random,136,2151,,,,
LGW_20250619_rand21.png,S2C_30UXB_20250619_0_L2A,background,0,random,2222,139,,,,
LGW_20250619_rand22.png,S2C_30UXB_20250619_0_L2A,background,0,random,1416,1948,,,,
LGW_20250619_rand23.png,S2C_30UXB_20250619_0_L2A,background,0,random,1872,1003,,,,
LGW_20250619_rand24.png,S2C_30UXB_20250619_0_L2A,background,0,random,2035,1965,,,,
LHR_20250817_rand00.png,S2A_30UXC_20250817_0_L2A,background,0,random,303,63,,,,
LHR_20250817_rand01.png,S2A_30UXC_20250817_0_L2A,background,0,random,277,886,,,,
LHR_20250817_rand02.png,S2A_30UXC_20250817_0_L2A,background,0,random,294,222,,,,
LHR_20250817_rand03.png,S2A_30UXC_20250817_0_L2A,background,0,random,640,1554,,,,
LHR_20250817_rand04.png,S2A_30UXC_20250817_0_L2A,background,0,random,1256,675,,,,
LHR_20250817_rand05.png,S2A_30UXC_20250817_0_L2A,background,0,random,2245,1670,,,,
LHR_20250817_rand06.png,S2A_30UXC_20250817_0_L2A,background,0,random,1511,2229,,,,
LHR_20250817_rand07.png,S2A_30UXC_20250817_0_L2A,background,0,random,1862,334,,,,
LHR_20250817_rand08.png,S2A_30UXC_20250817_0_L2A,background,0,random,125,2046,,,,
LHR_20250817_rand09.png,S2A_30UXC_20250817_0_L2A,background,0,random,986,177,,,,
LHR_20250817_rand10.png,S2A_30UXC_20250817_0_L2A,background,0,random,1145,923,,,,
LHR_20250817_rand11.png,S2A_30UXC_20250817_0_L2A,background,0,random,1040,1037,,,,
LHR_20250817_rand12.png,S2A_30UXC_20250817_0_L2A,background,0,random,768,1174,,,,
LHR_20250817_rand13.png,S2A_30UXC_20250817_0_L2A,background,0,random,1180,2305,,,,
LHR_20250817_rand14.png,S2A_30UXC_20250817_0_L2A,background,0,random,1647,1839,,,,
LHR_20250817_rand15.png,S2A_30UXC_20250817_0_L2A,background,0,random,58,756,,,,
LHR_20250817_rand16.png,S2A_30UXC_20250817_0_L2A,background,0,random,2322,666,,,,
LHR_20250817_rand17.png,S2A_30UXC_20250817_0_L2A,background,0,random,1223,2042,,,,
LHR_20250817_rand18.png,S2A_30UXC_20250817_0_L2A,background,0,random,1521,2084,,,,
LHR_20250817_rand19.png,S2A_30UXC_20250817_0_L2A,background,0,random,421,1224,,,,
LHR_20250817_rand20.png,S2A_30UXC_20250817_0_L2A,background,0,random,1514,838,,,,
LHR_20250817_rand21.png,S2A_30UXC_20250817_0_L2A,background,0,random,1372,2348,,,,
LHR_20250817_rand22.png,S2A_30UXC_20250817_0_L2A,background,0,random,1748,772,,,,
LHR_20250817_rand23.png,S2A_30UXC_20250817_0_L2A,background,0,random,188,463,,,,
LHR_20250817_rand24.png,S2A_30UXC_20250817_0_L2A,background,0,random,671,2081,,,,
LHR_20250825_rand00.png,S2C_30UXC_20250825_0_L2A,background,0,random,668,1924,,,,
LHR_20250825_rand01.png,S2C_30UXC_20250825_0_L2A,background,0,random,675,1589,,,,
LHR_20250825_rand02.png,S2C_30UXC_20250825_0_L2A,background,0,random,1262,2263,,,,
LHR_20250825_rand03.png,S2C_30UXC_20250825_0_L2A,background,0,random,1354,2187,,,,
LHR_20250825_rand04.png,S2C_30UXC_20250825_0_L2A,background,0,random,2271,1775,,,,
LHR_20250825_rand05.png,S2C_30UXC_20250825_0_L2A,background,0,random,1497,2036,,,,
LHR_20250825_rand06.png,S2C_30UXC_20250825_0_L2A,background,0,random,2351,613,,,,
LHR_20250825_rand07.png,S2C_30UXC_20250825_0_L2A,background,0,random,1345,367,,,,
LHR_20250825_rand08.png,S2C_30UXC_20250825_0_L2A,background,0,random,283,1594,,,,
LHR_20250825_rand09.png,S2C_30UXC_20250825_0_L2A,background,0,random,150,1697,,,,
LHR_20250825_rand10.png,S2C_30UXC_20250825_0_L2A,background,0,random,1944,427,,,,
LHR_20250825_rand11.png,S2C_30UXC_20250825_0_L2A,background,0,random,1618,957,,,,
LHR_20250825_rand12.png,S2C_30UXC_20250825_0_L2A,background,0,random,2112,2151,,,,
LHR_20250825_rand13.png,S2C_30UXC_20250825_0_L2A,background,0,random,1379,1342,,,,
LHR_20250825_rand14.png,S2C_30UXC_20250825_0_L2A,background,0,random,1688,1381,,,,
LHR_20250825_rand15.png,S2C_30UXC_20250825_0_L2A,background,0,random,1770,490,,,,
LHR_20250825_rand16.png,S2C_30UXC_20250825_0_L2A,background,0,random,1854,1260,,,,
LHR_20250825_rand17.png,S2C_30UXC_20250825_0_L2A,background,0,random,1784,1254,,,,
LHR_20250825_rand18.png,S2C_30UXC_20250825_0_L2A,background,0,random,751,246,,,,
LHR_20250825_rand19.png,S2C_30UXC_20250825_0_L2A,background,0,random,1258,2318,,,,
LHR_20250825_rand20.png,S2C_30UXC_20250825_0_L2A,background,0,random,123,1365,,,,
LHR_20250825_rand21.png,S2C_30UXC_20250825_0_L2A,background,0,random,1077,54,,,,
LHR_20250825_rand22.png,S2C_30UXC_20250825_0_L2A,background,0,random,1301,1832,,,,
LHR_20250825_rand23.png,S2C_30UXC_20250825_0_L2A,background,0,random,1760,2309,,,,
LHR_20250825_rand24.png,S2C_30UXC_20250825_0_L2A,background,0,random,1267,1408,,,,
ORD_20250623_rand00.png,S2B_16TDM_20250623_0_L2A,background,0,random,2280,781,,,,
ORD_20250623_rand01.png,S2B_16TDM_20250623_0_L2A,background,0,random,1892,475,,,,
ORD_20250623_rand02.png,S2B_16TDM_20250623_0_L2A,background,0,random,879,1600,,,,
ORD_20250623_rand03.png,S2B_16TDM_20250623_0_L2A,background,0,random,1384,492,,,,
ORD_20250623_rand04.png,S2B_16TDM_20250623_0_L2A,background,0,random,1569,1380,,,,
ORD_20250623_rand05.png,S2B_16TDM_20250623_0_L2A,background,0,random,2175,1437,,,,
ORD_20250623_rand06.png,S2B_16TDM_20250623_0_L2A,background,0,random,2091,2272,,,,
ORD_20250623_rand07.png,S2B_16TDM_20250623_0_L2A,background,0,random,243,207,,,,
ORD_20250623_rand08.png,S2B_16TDM_20250623_0_L2A,background,0,random,1205,1199,,,,
ORD_20250623_rand09.png,S2B_16TDM_20250623_0_L2A,background,0,random,1327,1766,,,,
ORD_20250623_rand10.png,S2B_16TDM_20250623_0_L2A,background,0,random,771,451,,,,
ORD_20250623_rand11.png,S2B_16TDM_20250623_0_L2A,background,0,random,1617,940,,,,
ORD_20250623_rand12.png,S2B_16TDM_20250623_0_L2A,background,0,random,2196,185,,,,
ORD_20250623_rand13.png,S2B_16TDM_20250623_0_L2A,background,0,random,1685,1724,,,,
ORD_20250623_rand14.png,S2B_16TDM_20250623_0_L2A,background,0,random,668,243,,,,
ORD_20250623_rand15.png,S2B_16TDM_20250623_0_L2A,background,0,random,778,956,,,,
ORD_20250623_rand16.png,S2B_16TDM_20250623_0_L2A,background,0,random,2312,2066,,,,
ORD_20250623_rand17.png,S2B_16TDM_20250623_0_L2A,background,0,random,576,1135,,,,
ORD_20250623_rand18.png,S2B_16TDM_20250623_0_L2A,background,0,random,1431,2157,,,,
ORD_20250623_rand19.png,S2B_16TDM_20250623_0_L2A,background,0,random,353,1816,,,,
ORD_20250623_rand20.png,S2B_16TDM_20250623_0_L2A,background,0,random,2186,2163,,,,
ORD_20250623_rand21.png,S2B_16TDM_20250623_0_L2A,background,0,random,682,335,,,,
ORD_20250623_rand22.png,S2B_16TDM_20250623_0_L2A,background,0,random,1417,210,,,,
ORD_20250623_rand23.png,S2B_16TDM_20250623_0_L2A,background,0,random,341,203,,,,
ORD_20250623_rand24.png,S2B_16TDM_20250623_0_L2A,background,0,random,529,2055,,,,
LHR_20250619_rand00.png,S2C_30UXC_20250619_0_L2A,background,0,random,2004,1891,,,,
LHR_20250619_rand01.png,S2C_30UXC_20250619_0_L2A,background,0,random,2917,1489,,,,
LHR_20250619_rand02.png,S2C_30UXC_20250619_0_L2A,background,0,random,156,517,,,,
LHR_20250619_rand03.png,S2C_30UXC_20250619_0_L2A,background,0,random,800,2007,,,,
LHR_20250619_rand04.png,S2C_30UXC_20250619_0_L2A,background,0,random,1082,968,,,,
LHR_20250619_rand05.png,S2C_30UXC_20250619_0_L2A,background,0,random,367,2115,,,,
LHR_20250619_rand06.png,S2C_30UXC_20250619_0_L2A,background,0,random,111,1384,,,,
LHR_20250619_rand07.png,S2C_30UXC_20250619_0_L2A,background,0,random,2213,1521,,,,
LHR_20250619_rand08.png,S2C_30UXC_20250619_0_L2A,background,0,random,2046,2345,,,,
LHR_20250619_rand09.png,S2C_30UXC_20250619_0_L2A,background,0,random,696,310,,,,
LHR_20250619_rand10.png,S2C_30UXC_20250619_0_L2A,background,0,random,204,1729,,,,
LHR_20250619_rand11.png,S2C_30UXC_20250619_0_L2A,background,0,random,810,615,,,,
LHR_20250619_rand12.png,S2C_30UXC_20250619_0_L2A,background,0,random,2186,2399,,,,
LHR_20250619_rand13.png,S2C_30UXC_20250619_0_L2A,background,0,random,2826,1467,,,,
LHR_20250619_rand14.png,S2C_30UXC_20250619_0_L2A,background,0,random,1566,2926,,,,
LHR_20250619_rand15.png,S2C_30UXC_20250619_0_L2A,background,0,random,1510,574,,,,
LHR_20250619_rand16.png,S2C_30UXC_20250619_0_L2A,background,0,random,786,2852,,,,
LHR_20250619_rand17.png,S2C_30UXC_20250619_0_L2A,background,0,random,166,2378,,,,
LHR_20250619_rand18.png,S2C_30UXC_20250619_0_L2A,background,0,random,1930,1445,,,,
LHR_20250619_rand19.png,S2C_30UXC_20250619_0_L2A,background,0,random,2473,2415,,,,
LHR_20250619_rand20.png,S2C_30UXC_20250619_0_L2A,background,0,random,1324,1800,,,,
LHR_20250619_rand21.png,S2C_30UXC_20250619_0_L2A,background,0,random,2270,1952,,,,
LHR_20250619_rand22.png,S2C_30UXC_20250619_0_L2A,background,0,random,1457,2707,,,,
LHR_20250619_rand23.png,S2C_30UXC_20250619_0_L2A,background,0,random,2617,230,,,,
LHR_20250619_rand24.png,S2C_30UXC_20250619_0_L2A,background,0,random,1637,2478,,,,
